{
    "name": "BookPoint - Digital Shop",
    "slug": "bookpoint",
    "description": "E-Book Theme",
    "author": "Mazharul Islam Suzon",
    "version": "1.0.0",
    "status": true,
    "screenshot": [
        {
            "primary": "primary.jpg"
        }
    ],
    "headerHook": [
        {
            "style": [
                "style"
            ],
            "rtl_style": [
                "rtl"
            ],
            "script": [],
            "blade": [],
            "navbarArea": "navbar",
            "breadcrumbArea": "breadcrumb"
        }
    ],
    "footerHook": [
        {
            "style": [],
            "script": [
                "EZView",
                "imagesloaded.pkgd.min",
                "jquery.magnific-popup",
                "main",
                "custom-script"
            ],
            "blade": [],
            "widgetArea": "widget-area"
        }
    ]
}
