[{"id":16,"addon_name":"Header","addon_type":"update","addon_location":"dynamic_page","addon_order":1,"addon_page_id":1,"addon_page_type":"dynamic_page","addon_settings":"{\"id\":\"16\",\"addon_name\":\"Header\",\"addon_namespace\":\"UGx1Z2luc1xQYWdlQnVpbGRlclxBZGRvbnNcVGVuYW50c1xCb29rcG9pbnRcSGVhZGVyXEhlYWRlcg==\",\"addon_type\":\"update\",\"addon_location\":\"dynamic_page\",\"addon_order\":\"1\",\"addon_page_id\":\"1\",\"addon_page_type\":\"dynamic_page\",\"title\":\"Find the greatest life books ever written\",\"description\":\"Reading books are good for you because it improves your focus, memory, empathy, and communication skills. It can reduce stress, improve your mental health, and help you live longer.\",\"button_text\":\"Shop Now\",\"button_url\":\"#\",\"background_image\":\"469\",\"image_one\":\"470\",\"image_two\":\"472\",\"image_three\":\"471\",\"padding_top\":\"0\",\"padding_bottom\":\"72\"}","addon_namespace":"Plugins\\PageBuilder\\Addons\\Tenants\\Bookpoint\\Header\\Header","created_at":"2023-04-15T11:50:11.000000Z","updated_at":"2023-04-16T17:11:24.000000Z"},{"id":17,"addon_name":"ProductTypeList","addon_type":"update","addon_location":"dynamic_page","addon_order":3,"addon_page_id":1,"addon_page_type":"dynamic_page","addon_settings":"{\"id\":\"17\",\"addon_name\":\"ProductTypeList\",\"addon_namespace\":\"UGx1Z2luc1xQYWdlQnVpbGRlclxBZGRvbnNcVGVuYW50c1xCb29rcG9pbnRcUHJvZHVjdFxQcm9kdWN0VHlwZUxpc3Q=\",\"addon_type\":\"update\",\"addon_location\":\"dynamic_page\",\"addon_order\":\"3\",\"addon_page_id\":\"1\",\"addon_page_type\":\"dynamic_page\",\"title\":\"Explore by Categories\",\"categories\":[\"1\",\"2\",\"3\",\"4\",\"5\",\"6\"],\"item_show\":\"6\",\"view_all_text\":\"View All\",\"view_all_url\":\"#\",\"padding_top\":\"22\",\"padding_bottom\":\"110\"}","addon_namespace":"Plugins\\PageBuilder\\Addons\\Tenants\\Bookpoint\\Product\\ProductTypeList","created_at":"2023-04-15T12:13:34.000000Z","updated_at":"2023-04-18T09:18:41.000000Z"},{"id":18,"addon_name":"CollectionCard","addon_type":"update","addon_location":"dynamic_page","addon_order":4,"addon_page_id":1,"addon_page_type":"dynamic_page","addon_settings":"{\"id\":\"18\",\"addon_name\":\"CollectionCard\",\"addon_namespace\":\"UGx1Z2luc1xQYWdlQnVpbGRlclxBZGRvbnNcVGVuYW50c1xCb29rcG9pbnRcQ29tbW9uXENvbGxlY3Rpb25DYXJk\",\"addon_type\":\"update\",\"addon_location\":\"dynamic_page\",\"addon_order\":\"3\",\"addon_page_id\":\"1\",\"addon_page_type\":\"dynamic_page\",\"repeater_data\":{\"repeater_title_\":[\"40 Life Changing Books\",\"The Sci-Fi world with N. K. Jemisin\"],\"repeater_subtitle_\":[\"Get special discounts on\",\"Lose yourself\"],\"repeater_button_text_\":[\"Browse Now\",\"Browse Now\"],\"repeater_button_url_\":[\"#\",\"#\"],\"repeater_button_color_\":[\"rgba(255, 107, 127, 0.72)\",\"rgba(59, 185, 235, 0.6)\"],\"repeater_image_\":[\"479\",\"480\"],\"repeater_background_color_\":[\"rgba(255, 107, 127, 0.1)\",\"rgba(59, 185, 235, 0.1)\"]},\"padding_top\":\"0\",\"padding_bottom\":\"110\"}","addon_namespace":"Plugins\\PageBuilder\\Addons\\Tenants\\Bookpoint\\Common\\CollectionCard","created_at":"2023-04-16T14:06:48.000000Z","updated_at":"2023-04-16T16:27:31.000000Z"},{"id":19,"addon_name":"TopAuthor","addon_type":"update","addon_location":"dynamic_page","addon_order":5,"addon_page_id":1,"addon_page_type":"dynamic_page","addon_settings":"{\"id\":\"19\",\"addon_name\":\"TopAuthor\",\"addon_namespace\":\"UGx1Z2luc1xQYWdlQnVpbGRlclxBZGRvbnNcVGVuYW50c1xCb29rcG9pbnRcQ29tbW9uXFRvcEF1dGhvcg==\",\"addon_type\":\"update\",\"addon_location\":\"dynamic_page\",\"addon_order\":\"4\",\"addon_page_id\":\"1\",\"addon_page_type\":\"dynamic_page\",\"title\":\"Top Authors\",\"book_count\":\"on\",\"limit\":\"10\",\"padding_top\":\"13\",\"padding_bottom\":\"110\"}","addon_namespace":"Plugins\\PageBuilder\\Addons\\Tenants\\Bookpoint\\Common\\TopAuthor","created_at":"2023-04-16T15:15:16.000000Z","updated_at":"2023-04-16T16:27:31.000000Z"},{"id":20,"addon_name":"RecentBlog","addon_type":"update","addon_location":"dynamic_page","addon_order":6,"addon_page_id":1,"addon_page_type":"dynamic_page","addon_settings":"{\"id\":\"20\",\"addon_name\":\"RecentBlog\",\"addon_namespace\":\"UGx1Z2luc1xQYWdlQnVpbGRlclxBZGRvbnNcVGVuYW50c1xCb29rcG9pbnRcQmxvZ1xSZWNlbnRCbG9n\",\"addon_type\":\"update\",\"addon_location\":\"dynamic_page\",\"addon_order\":\"5\",\"addon_page_id\":\"1\",\"addon_page_type\":\"dynamic_page\",\"title\":\"Recent News\",\"order_by\":\"id\",\"order\":\"desc\",\"items\":\"10\",\"button_text\":\"Read Article\",\"padding_top\":\"18\",\"padding_bottom\":\"110\"}","addon_namespace":"Plugins\\PageBuilder\\Addons\\Tenants\\Bookpoint\\Blog\\RecentBlog","created_at":"2023-04-16T16:10:34.000000Z","updated_at":"2023-04-16T16:27:31.000000Z"},{"id":21,"addon_name":"Services","addon_type":"update","addon_location":"dynamic_page","addon_order":7,"addon_page_id":1,"addon_page_type":"dynamic_page","addon_settings":"{\"id\":\"21\",\"addon_name\":\"Services\",\"addon_namespace\":\"UGx1Z2luc1xQYWdlQnVpbGRlclxBZGRvbnNcVGVuYW50c1xCb29rcG9pbnRcQ29tbW9uXFNlcnZpY2Vz\",\"addon_type\":\"update\",\"addon_location\":\"dynamic_page\",\"addon_order\":\"6\",\"addon_page_id\":\"1\",\"addon_page_type\":\"dynamic_page\",\"services_repeater\":{\"repeater_icon_\":[\"las la-truck\",\"las la-money-bill\",\"las la-headset\",\"las la-redo-alt\"],\"repeater_title_\":[\"Free Shipping\",\"Free Shipping\",\"Free Shipping\",\"Free Shipping\"],\"repeater_subtitle_\":[\"Free delivery for order above $200\",\"Free delivery for order above $200\",\"Free delivery for order above $200\",\"Free delivery for order above $200\"]},\"padding_top\":\"31\",\"padding_bottom\":\"31\"}","addon_namespace":"Plugins\\PageBuilder\\Addons\\Tenants\\Bookpoint\\Common\\Services","created_at":"2023-04-16T16:23:14.000000Z","updated_at":"2023-04-16T16:27:31.000000Z"},{"id":22,"addon_name":"FeaturedProductSlider","addon_type":"update","addon_location":"dynamic_page","addon_order":2,"addon_page_id":1,"addon_page_type":"dynamic_page","addon_settings":"{\"id\":\"22\",\"addon_name\":\"FeaturedProductSlider\",\"addon_namespace\":\"UGx1Z2luc1xQYWdlQnVpbGRlclxBZGRvbnNcVGVuYW50c1xCb29rcG9pbnRcUHJvZHVjdFxGZWF0dXJlZFByb2R1Y3RTbGlkZXI=\",\"addon_type\":\"update\",\"addon_location\":\"dynamic_page\",\"addon_order\":\"2\",\"addon_page_id\":\"1\",\"addon_page_type\":\"dynamic_page\",\"title\":\"Featured Book\",\"item_show\":null,\"padding_top\":\"0\",\"padding_bottom\":\"110\"}","addon_namespace":"Plugins\\PageBuilder\\Addons\\Tenants\\Bookpoint\\Product\\FeaturedProductSlider","created_at":"2023-04-16T16:30:11.000000Z","updated_at":"2023-04-16T17:11:10.000000Z"}]